ARI,Power Ranking,20,2025
ATL,Power Ranking,19,2025
BLT,Power Ranking,1,2025
BUF,Power Ranking,4,2025
CAR,Power Ranking,23,2025
CHI,Power Ranking,15,2025
CIN,Power Ranking,12,2025
CLV,Power Ranking,30,2025
DAL,Power Ranking,24,2025
DEN,Power Ranking,8,2025
DET,Power Ranking,3,2025
GB,Power Ranking,11,2025
HST,Power Ranking,16,2025
IND,Power Ranking,26,2025
JAX,Power Ranking,27,2025
KC,Power Ranking,5,2025
LAC,Power Ranking,13,2025
LAR,Power Ranking,9,2025
LV,Power Ranking,22,2025
MIA,Power Ranking,21,2025
MIN,Power Ranking,7,2025
NE,Power Ranking,28,2025
NO,Power Ranking,29,2025
NYG,Power Ranking,31,2025
NYJ,Power Ranking,25,2025
PHI,Power Ranking,2,2025
PIT,Power Ranking,14,2025
SEA,Power Ranking,18,2025
SF,Power Ranking,17,2025
TB,Power Ranking,10,2025
TEN,Power Ranking,32,2025
WAS,Power Ranking,6,2025
ARI,Strength of Schedule,18,2025
ATL,Strength of Schedule,6,2025
BLT,Strength of Schedule,25,2025
BUF,Strength of Schedule,4,2025
CAR,Strength of Schedule,10,2025
CHI,Strength of Schedule,26,2025
CIN,Strength of Schedule,20,2025
CLV,Strength of Schedule,29,2025
DAL,Strength of Schedule,22,2025
DEN,Strength of Schedule,12,2025
DET,Strength of Schedule,31,2025
GB,Strength of Schedule,27,2025
HST,Strength of Schedule,11,2025
IND,Strength of Schedule,13,2025
JAX,Strength of Schedule,7,2025
KC,Strength of Schedule,21,2025
LAC,Strength of Schedule,16,2025
LAR,Strength of Schedule,17,2025
LV,Strength of Schedule,15,2025
MIA,Strength of Schedule,5,2025
MIN,Strength of Schedule,30,2025
NE,Strength of Schedule,1,2025
NO,Strength of Schedule,3,2025
NYG,Strength of Schedule,32,2025
NYJ,Strength of Schedule,14,2025
PHI,Strength of Schedule,28,2025
PIT,Strength of Schedule,23,2025
SEA,Strength of Schedule,19,2025
SF,Strength of Schedule,2,2025
TB,Strength of Schedule,9,2025
TEN,Strength of Schedule,8,2025
WAS,Strength of Schedule,24,2025
ARI,OLine Ranking,16,2025
ATL,OLine Ranking,8,2025
BLT,OLine Ranking,17,2025
BUF,OLine Ranking,3,2025
CAR,OLine Ranking,11,2025
CHI,OLine Ranking,4,2025
CIN,OLine Ranking,31,2025
CLV,OLine Ranking,27,2025
DAL,OLine Ranking,23,2025
DEN,OLine Ranking,2,2025
DET,OLine Ranking,13,2025
GB,OLine Ranking,14,2025
HST,OLine Ranking,32,2025
IND,OLine Ranking,5,2025
JAX,OLine Ranking,26,2025
KC,OLine Ranking,20,2025
LAC,OLine Ranking,10,2025
LAR,OLine Ranking,15,2025
LV,OLine Ranking,18,2025
MIA,OLine Ranking,25,2025
MIN,OLine Ranking,7,2025
NE,OLine Ranking,29,2025
NO,OLine Ranking,22,2025
NYG,OLine Ranking,28,2025
NYJ,OLine Ranking,9,2025
PHI,OLine Ranking,1,2025
PIT,OLine Ranking,21,2025
SEA,OLine Ranking,30,2025
SF,OLine Ranking,12,2025
TB,OLine Ranking,6,2025
TEN,OLine Ranking,24,2025
WAS,OLine Ranking,19,2025
ARI,DLine Ranking,20,2025
ATL,DLine Ranking,30,2025
BLT,DLine Ranking,10,2025
BUF,DLine Ranking,5,2025
CAR,DLine Ranking,28,2025
CHI,DLine Ranking,18,2025
CIN,DLine Ranking,25,2025
CLV,DLine Ranking,7,2025
DAL,DLine Ranking,12,2025
DEN,DLine Ranking,8,2025
DET,DLine Ranking,6,2025
GB,DLine Ranking,24,2025
HST,DLine Ranking,4,2025
IND,DLine Ranking,17,2025
JAX,DLine Ranking,29,2025
KC,DLine Ranking,15,2025
LAC,DLine Ranking,19,2025
LAR,DLine Ranking,9,2025
LV,DLine Ranking,22,2025
MIA,DLine Ranking,11,2025
MIN,DLine Ranking,16,2025
NE,DLine Ranking,13,2025
NO,DLine Ranking,32,2025
NYG,DLine Ranking,3,2025
NYJ,DLine Ranking,26,2025
PHI,DLine Ranking,2,2025
PIT,DLine Ranking,1,2025
SEA,DLine Ranking,23,2025
SF,DLine Ranking,21,2025
TB,DLine Ranking,27,2025
TEN,DLine Ranking,14,2025
WAS,DLine Ranking,31,2025
ARI,Secondary Ranking,26,2025
ATL,Secondary Ranking,17,2025
BLT,Secondary Ranking,1,2025
BUF,Secondary Ranking,14,2025
CAR,Secondary Ranking,30,2025
CHI,Secondary Ranking,7,2025
CIN,Secondary Ranking,25,2025
CLV,Secondary Ranking,15,2025
DAL,Secondary Ranking,31,2025
DEN,Secondary Ranking,3,2025
DET,Secondary Ranking,6,2025
GB,Secondary Ranking,19,2025
HST,Secondary Ranking,4,2025
IND,Secondary Ranking,10,2025
JAX,Secondary Ranking,13,2025
KC,Secondary Ranking,2,2025
LAC,Secondary Ranking,9,2025
LAR,Secondary Ranking,18,2025
LV,Secondary Ranking,32,2025
MIA,Secondary Ranking,29,2025
MIN,Secondary Ranking,27,2025
NE,Secondary Ranking,5,2025
NO,Secondary Ranking,20,2025
NYG,Secondary Ranking,24,2025
NYJ,Secondary Ranking,11,2025
PHI,Secondary Ranking,8,2025
PIT,Secondary Ranking,16,2025
SEA,Secondary Ranking,12,2025
SF,Secondary Ranking,23,2025
TB,Secondary Ranking,22,2025
TEN,Secondary Ranking,21,2025
WAS,Secondary Ranking,28,2025
ARI,Power Ranking,31,2024
ATL,Power Ranking,19,2024
BLT,Power Ranking,3,2024
BUF,Power Ranking,4,2024
CAR,Power Ranking,32,2024
CHI,Power Ranking,18,2024
CIN,Power Ranking,8,2024
CLV,Power Ranking,17,2024
DAL,Power Ranking,6,2024
DEN,Power Ranking,23,2024
DET,Power Ranking,5,2024
GB,Power Ranking,10,2024
HST,Power Ranking,11,2024
IND,Power Ranking,26,2024
JAX,Power Ranking,24,2024
KC,Power Ranking,2,2024
LAC,Power Ranking,22,2024
LAR,Power Ranking,12,2024
LV,Power Ranking,20,2024
MIA,Power Ranking,9,2024
MIN,Power Ranking,25,2024
NE,Power Ranking,28,2024
NO,Power Ranking,16,2024
NYG,Power Ranking,27,2024
NYJ,Power Ranking,14,2024
PHI,Power Ranking,7,2024
PIT,Power Ranking,13,2024
SEA,Power Ranking,21,2024
SF,Power Ranking,1,2024
TB,Power Ranking,15,2024
TEN,Power Ranking,29,2024
WAS,Power Ranking,30,2024
ARI,Strength of Schedule,9,2024
ATL,Strength of Schedule,1,2024
BLT,Strength of Schedule,31,2024
BUF,Strength of Schedule,27,2024
CAR,Strength of Schedule,4,2024
CHI,Strength of Schedule,3,2024
CIN,Strength of Schedule,17,2024
CLV,Strength of Schedule,32,2024
DAL,Strength of Schedule,21,2024
DEN,Strength of Schedule,13,2024
DET,Strength of Schedule,22,2024
GB,Strength of Schedule,29,2024
HST,Strength of Schedule,28,2024
IND,Strength of Schedule,12,2024
JAX,Strength of Schedule,25,2024
KC,Strength of Schedule,16,2024
LAC,Strength of Schedule,6,2024
LAR,Strength of Schedule,20,2024
LV,Strength of Schedule,24,2024
MIA,Strength of Schedule,8,2024
MIN,Strength of Schedule,15,2024
NE,Strength of Schedule,23,2024
NO,Strength of Schedule,2,2024
NYG,Strength of Schedule,26,2024
NYJ,Strength of Schedule,19,2024
PHI,Strength of Schedule,11,2024
PIT,Strength of Schedule,30,2024
SEA,Strength of Schedule,7,2024
SF,Strength of Schedule,18,2024
TB,Strength of Schedule,5,2024
TEN,Strength of Schedule,10,2024
WAS,Strength of Schedule,14,2024
ARI,OLine Ranking,26,2024
ATL,OLine Ranking,6,2024
BLT,OLine Ranking,25,2024
BUF,OLine Ranking,8,2024
CAR,OLine Ranking,20,2024
CHI,OLine Ranking,11,2024
CIN,OLine Ranking,21,2024
CLV,OLine Ranking,4,2024
DAL,OLine Ranking,10,2024
DEN,OLine Ranking,15,2024
DET,OLine Ranking,1,2024
GB,OLine Ranking,14,2024
HST,OLine Ranking,22,2024
IND,OLine Ranking,3,2024
JAX,OLine Ranking,23,2024
KC,OLine Ranking,7,2024
LAC,OLine Ranking,12,2024
LAR,OLine Ranking,16,2024
LV,OLine Ranking,19,2024
MIA,OLine Ranking,18,2024
MIN,OLine Ranking,13,2024
NE,OLine Ranking,32,2024
NO,OLine Ranking,31,2024
NYG,OLine Ranking,28,2024
NYJ,OLine Ranking,5,2024
PHI,OLine Ranking,2,2024
PIT,OLine Ranking,9,2024
SEA,OLine Ranking,29,2024
SF,OLine Ranking,24,2024
TB,OLine Ranking,17,2024
TEN,OLine Ranking,30,2024
WAS,OLine Ranking,27,2024
ARI,DLine Ranking,32,2024
ATL,DLine Ranking,28,2024
BLT,DLine Ranking,12,2024
BUF,DLine Ranking,16,2024
CAR,DLine Ranking,29,2024
CHI,DLine Ranking,27,2024
CIN,DLine Ranking,13,2024
CLV,DLine Ranking,5,2024
DAL,DLine Ranking,6,2024
DEN,DLine Ranking,31,2024
DET,DLine Ranking,4,2024
GB,DLine Ranking,11,2024
HST,DLine Ranking,10,2024
IND,DLine Ranking,7,2024
JAX,DLine Ranking,26,2024
KC,DLine Ranking,14,2024
LAC,DLine Ranking,22,2024
LAR,DLine Ranking,23,2024
LV,DLine Ranking,9,2024
MIA,DLine Ranking,25,2024
MIN,DLine Ranking,30,2024
NE,DLine Ranking,15,2024
NO,DLine Ranking,24,2024
NYG,DLine Ranking,18,2024
NYJ,DLine Ranking,1,2024
PHI,DLine Ranking,3,2024
PIT,DLine Ranking,8,2024
SEA,DLine Ranking,17,2024
SF,DLine Ranking,2,2024
TB,DLine Ranking,20,2024
TEN,DLine Ranking,21,2024
WAS,DLine Ranking,19,2024
ARI,Secondary Ranking,32,2024
ATL,Secondary Ranking,22,2024
BLT,Secondary Ranking,4,2024
BUF,Secondary Ranking,3,2024
CAR,Secondary Ranking,25,2024
CHI,Secondary Ranking,19,2024
CIN,Secondary Ranking,14,2024
CLV,Secondary Ranking,6,2024
DAL,Secondary Ranking,13,2024
DEN,Secondary Ranking,16,2024
DET,Secondary Ranking,11,2024
GB,Secondary Ranking,8,2024
HST,Secondary Ranking,18,2024
IND,Secondary Ranking,28,2024
JAX,Secondary Ranking,29,2024
KC,Secondary Ranking,9,2024
LAC,Secondary Ranking,20,2024
LAR,Secondary Ranking,26,2024
LV,Secondary Ranking,17,2024
MIA,Secondary Ranking,5,2024
MIN,Secondary Ranking,27,2024
NE,Secondary Ranking,21,2024
NO,Secondary Ranking,10,2024
NYG,Secondary Ranking,31,2024
NYJ,Secondary Ranking,1,2024
PHI,Secondary Ranking,24,2024
PIT,Secondary Ranking,23,2024
SEA,Secondary Ranking,7,2024
SF,Secondary Ranking,2,2024
TB,Secondary Ranking,12,2024
TEN,Secondary Ranking,15,2024
WAS,Secondary Ranking,30,2024
