DAL,PHI,1,2025
KC,LAC,1,2025
TB,ATL,1,2025
CIN,CLV,1,2025
MIA,IND,1,2025
CAR,JAX,1,2025
LV,NE,1,2025
ARI,NO,1,2025
PIT,NYJ,1,2025
NYG,WAS,1,2025
TEN,DEN,1,2025
SF,SEA,1,2025
DET,GB,1,2025
HST,LAR,1,2025
BLT,BUF,1,2025
MIN,CHI,1,2025
WAS,GB,2,2025
CLV,BLT,2,2025
JAX,CIN,2,2025
NYG,DAL,2,2025
CHI,DET,2,2025
NE,MIA,2,2025
SF,NO,2,2025
BUF,NYJ,2,2025
SEA,PIT,2,2025
LAR,TEN,2,2025
CAR,ARI,2,2025
DEN,IND,2,2025
PHI,KC,2,2025
ATL,MIN,2,2025
TB,HST,2,2025
LAC,LV,2,2025
MIA,BUF,3,2025
ATL,CAR,3,2025
GB,CLV,3,2025
HST,JAX,3,2025
CIN,MIN,3,2025
PIT,NE,3,2025
LAR,PHI,3,2025
NYJ,TB,3,2025
IND,TEN,3,2025
LV,WAS,3,2025
DEN,LAC,3,2025
NO,SEA,3,2025
DAL,CHI,3,2025
ARI,SF,3,2025
KC,NYG,3,2025
DET,BLT,3,2025
SEA,ARI,4,2025
MIN,PIT,4,2025
WAS,ATL,4,2025
NO,BUF,4,2025
CLV,DET,4,2025
TEN,HST,4,2025
CAR,NE,4,2025
LAC,NYG,4,2025
PHI,TB,4,2025
IND,LAR,4,2025
JAX,SF,4,2025
BLT,KC,4,2025
CHI,LV,4,2025
GB,DAL,4,2025
NYJ,MIA,4,2025
CIN,DEN,4,2025
SF,LAR,5,2025
MIN,CLV,5,2025
HST,BLT,5,2025
MIA,CAR,5,2025
LV,IND,5,2025
NYG,NO,5,2025
DAL,NYJ,5,2025
DEN,PHI,5,2025
TEN,ARI,5,2025
TB,SEA,5,2025
DET,CIN,5,2025
WAS,LAC,5,2025
NE,BUF,5,2025
KC,JAX,5,2025
PHI,NYG,6,2025
DEN,NYJ,6,2025
LAR,BLT,6,2025
DAL,CAR,6,2025
ARI,IND,6,2025
SEA,JAX,6,2025
LAC,MIA,6,2025
CLV,PIT,6,2025
SF,TB,6,2025
TEN,LV,6,2025
CIN,GB,6,2025
NE,NO,6,2025
DET,KC,6,2025
BUF,ATL,6,2025
CHI,WAS,6,2025
PIT,CIN,7,2025
LAR,JAX,7,2025
NO,CHI,7,2025
MIA,CLV,7,2025
LV,KC,7,2025
PHI,MIN,7,2025
CAR,NYJ,7,2025
NE,TEN,7,2025
NYG,DEN,7,2025
IND,LAC,7,2025
GB,ARI,7,2025
WAS,DAL,7,2025
ATL,SF,7,2025
TB,HST,7,2025
MIN,LAC,8,2025
MIA,ATL,8,2025
CHI,BLT,8,2025
BUF,CAR,8,2025
NYJ,CIN,8,2025
SF,HST,8,2025
CLV,NE,8,2025
NYG,PHI,8,2025
TB,NO,8,2025
DAL,DEN,8,2025
TEN,IND,8,2025
GB,PIT,8,2025
WAS,KC,8,2025
BLT,MIA,9,2025
CHI,CIN,9,2025
MIN,DET,9,2025
CAR,GB,9,2025
DEN,HST,9,2025
ATL,NE,9,2025
SF,NYG,9,2025
IND,PIT,9,2025
LAC,TEN,9,2025
NO,LAR,9,2025
JAX,LV,9,2025
KC,BUF,9,2025
SEA,WAS,9,2025
ARI,DAL,9,2025
LV,DEN,10,2025
ATL,IND,10,2025
NO,CAR,10,2025
NYG,CHI,10,2025
JAX,HST,10,2025
BUF,MIA,10,2025
BLT,MIN,10,2025
CLV,NYJ,10,2025
NE,TB,10,2025
ARI,SEA,10,2025
LAR,SF,10,2025
DET,WAS,10,2025
PIT,LAC,10,2025
PHI,GB,10,2025
NYJ,NE,11,2025
WAS,MIA,11,2025
CAR,ATL,11,2025
TB,BUF,11,2025
LAC,JAX,11,2025
CHI,MIN,11,2025
GB,NYG,11,2025
CIN,PIT,11,2025
HST,TEN,11,2025
SF,ARI,11,2025
SEA,LAR,11,2025
BLT,CLV,11,2025
KC,DEN,11,2025
DET,PHI,11,2025
DAL,LV,11,2025
BUF,HST,12,2025
NYJ,BLT,12,2025
PIT,CHI,12,2025
NE,CIN,12,2025
NYG,DET,12,2025
MIN,GB,12,2025
IND,KC,12,2025
SEA,TEN,12,2025
JAX,ARI,12,2025
CLV,LV,12,2025
PHI,DAL,12,2025
ATL,NO,12,2025
TB,LAR,12,2025
CAR,SF,12,2025
GB,DET,13,2025
KC,DAL,13,2025
CIN,BLT,13,2025
CHI,PHI,13,2025
LAR,CAR,13,2025
SF,CLV,13,2025
HST,IND,13,2025
NO,MIA,13,2025
ATL,NYJ,13,2025
ARI,TB,13,2025
JAX,TEN,13,2025
MIN,SEA,13,2025
LV,LAC,13,2025
BUF,PIT,13,2025
DEN,WAS,13,2025
NYG,NE,13,2025
DAL,DET,14,2025
SEA,ATL,14,2025
PIT,BLT,14,2025
TEN,CLV,14,2025
CHI,GB,14,2025
IND,JAX,14,2025
WAS,MIN,14,2025
MIA,NYJ,14,2025
NO,TB,14,2025
DEN,LV,14,2025
LAR,ARI,14,2025
CIN,BUF,14,2025
HST,KC,14,2025
PHI,LAC,14,2025
ATL,TB,15,2025
CLV,CHI,15,2025
BLT,CIN,15,2025
ARI,HST,15,2025
NYJ,JAX,15,2025
LAC,KC,15,2025
BUF,NE,15,2025
WAS,NYG,15,2025
LV,PHI,15,2025
GB,DEN,15,2025
DET,LAR,15,2025
CAR,NO,15,2025
IND,SEA,15,2025
TEN,SF,15,2025
MIN,DAL,15,2025
MIA,PIT,15,2025
LAR,SEA,16,2025
GB,CHI,16,2025
PHI,WAS,16,2025
NE,BLT,16,2025
TB,CAR,16,2025
BUF,CLV,16,2025
LAC,DAL,16,2025
NYJ,NO,16,2025
MIN,NYG,16,2025
KC,TEN,16,2025
ATL,ARI,16,2025
JAX,DEN,16,2025
PIT,DET,16,2025
LV,HST,16,2025
CIN,MIA,16,2025
SF,IND,16,2025
DAL,WAS,17,2025
DET,MIN,17,2025
DEN,KC,17,2025
SEA,CAR,17,2025
ARI,CIN,17,2025
BLT,GB,17,2025
HST,LAC,17,2025
NYG,LV,17,2025
PIT,CLV,17,2025
JAX,IND,17,2025
TB,MIA,17,2025
NE,NYJ,17,2025
NO,TEN,17,2025
PHI,BUF,17,2025
CHI,SF,17,2025
LAR,ATL,17,2025
NO,ATL,18,2025
NYJ,BUF,18,2025
DET,CHI,18,2025
CLV,CIN,18,2025
LAC,DEN,18,2025
IND,HST,18,2025
TEN,JAX,18,2025
ARI,LAR,18,2025
KC,LV,18,2025
GB,MIN,18,2025
MIA,NE,18,2025
DAL,NYG,18,2025
WAS,PHI,18,2025
BLT,PIT,18,2025
SEA,SF,18,2025
CAR,TB,18,2025
